{
	"hero": {
		"x": 128,
		"y": 100,
		"width": 144,
		"height": 28,
		"sliceX": 9,
		"anims": {
			"idle": {
				"from": 0,
				"to": 3,
				"speed": 3,
				"loop": true
			},
			"run": {
				"from": 4,
				"to": 7,
				"speed": 10,
				"loop": true
			},
			"hit": 8
		}
	},
	"ogre": {
		"x": 16,
		"y": 320,
		"width": 256,
		"height": 32,
		"sliceX": 8,
		"anims": {
			"idle": {
				"from": 0,
				"to": 3,
				"speed": 3,
				"loop": true
			},
			"run": {
				"from": 4,
				"to": 7,
				"speed": 10,
				"loop": true
			}
		}
	},
    "devil": {
		"x": 16,
		"y": 366,
		"width": 256,
		"height": 32,
		"sliceX": 8,
		"anims": {
			"idle": {
				"from": 0,
				"to": 3,
				"speed": 3,
				"loop": true
			},
			"run": {
				"from": 4,
				"to": 7,
				"speed": 10,
				"loop": true
			}
		}
	},
    "zombie": {
		"x": 16,
		"y": 271,
		"width": 256,
		"height": 32,
		"sliceX": 8,
		"anims": {
			"idle": {
				"from": 0,
				"to": 3,
				"speed": 3,
				"loop": true
			},
			"run": {
				"from": 4,
				"to": 7,
				"speed": 10,
				"loop": true
			}
		}
	},
    "chest": {
		"x": 304,
		"y": 304,
		"width": 48,
		"height": 16,
		"sliceX": 3,
		"anims": {
			"open": {
				"from": 0,
				"to": 2,
				"speed": 20,
				"loop": false
			},
			"close": {
				"from": 2,
				"to": 0,
				"speed": 20,
				"loop": false
			}
		}
	},
    "coin": {
		"x": 288,
		"y": 272,
		"width": 32,
		"height": 16,
		"sliceX": 4,
		"anims": {
			"spin": {
				"from": 0,
				"to": 3,
				"speed": 20,
				"loop": true
             }
		 }
	},
    "health potion": {
		"x": 324,
		"y": 226,
		"width": 32,
		"height": 16,
		"sliceX": 4,
		"anims": {
			"spin": {
				"from": 0,
				"to": 3,
				"speed": 20,
				"loop": true
             }
		 }
	},
	"sword": {
		"x": 322,
		"y": 81,
		"width": 12,
		"height": 30
	},
	"wall": {
		"x": 16,
		"y": 16,
		"width": 16,
		"height": 16
	},
	"wall_top": {
		"x": 16,
		"y": 0,
		"width": 16,
		"height": 16
	},
	"wall_left": {
		"x": 16,
		"y": 128,
		"width": 16,
		"height": 16
	},
	"wall_right": {
		"x": 0,
		"y": 128,
		"width": 16,
		"height": 16
	},
	"wall_topleft": {
		"x": 32,
		"y": 128,
		"width": 16,
		"height": 16
	},
	"wall_topright": {
		"x": 48,
		"y": 128,
		"width": 16,
		"height": 16
	},
	"wall_botleft": {
		"x": 32,
		"y": 144,
		"width": 16,
		"height": 16
	},
	"wall_botright": {
		"x": 48,
		"y": 144,
		"width": 16,
		"height": 16
	},
  "wizard":{
    "x":128,
    "y":160,
    "width":32,
    "height":32,
    "sliceX":2
  },
  "floor": {
		"x": 16,
		"y": 64,
		"width": 48,
		"height": 48,
		"sliceX": 3,
		"sliceY": 3
 }
}